Trial_type,Response,Points_earned,EV,PE,choiceprob,pred_choice,pred_reward,run_id,seed,param_beta,param_lossave,param_alpha,param_exp
2.0,1,-5,0.0,,0.5,2,0.0,0,42,0.01,0.5,0.05,1.0
3.0,1,100,0.0,-0.25,0.5,1,-5.0,0,42,0.01,0.5,0.05,1.0
1.0,1,5,0.0,,0.5,2,0.0,0,42,0.01,0.5,0.05,1.0
4.0,0,0,0.0,0.25,0.5,1,5.0,0,42,0.01,0.5,0.05,1.0
4.0,1,-100,0.25,,0.5006249996744794,2,0.0,0,42,0.01,0.5,0.05,1.0
4.0,2,0,0.25,,0.5006249996744794,2,0.0,0,42,0.01,0.5,0.05,1.0
3.0,1,-10,-0.25,-0.23750000000000002,0.49968750004069007,1,-5.0,0,42,0.01,0.5,0.05,1.0
1.0,1,5,0.0,-0.5,0.5,1,-10.0,0,42,0.01,0.5,0.05,1.0
2.0,1,-5,0.0,,0.5,2,0.0,0,42,0.01,0.5,0.05,1.0
1.0,2,0,-0.5,,0.4993750003255206,2,0.0,0,42,0.01,0.5,0.05,1.0
1.0,1,5,-0.5,5.025,0.4993750003255206,1,100.0,0,42,0.01,0.5,0.05,1.0
2.0,1,-5,0.0,,0.5,2,0.0,0,42,0.01,0.5,0.05,1.0
3.0,2,0,-0.48750000000000004,-0.22562500000000002,0.4993906253017118,1,-5.0,0,42,0.01,0.5,0.05,1.0
4.0,2,0,0.25,,0.5006249996744794,2,0.0,0,42,0.01,0.5,0.05,1.0
4.0,2,0,0.25,,0.5006249996744794,2,0.0,0,42,0.01,0.5,0.05,1.0
2.0,1,-5,0.0,0.5,0.5,1,10.0,0,42,0.01,0.5,0.05,1.0
2.0,2,0,0.5,,0.5012499973958399,2,0.0,0,42,0.01,0.5,0.05,1.0
1.0,1,5,4.525,,0.511310570140918,2,0.0,0,42,0.01,0.5,0.05,1.0
3.0,2,0,-0.713125,-0.21434375000000003,0.49910859469442004,1,-5.0,0,42,0.01,0.5,0.05,1.0
1.0,1,-495,4.525,4.77375,0.511310570140918,1,100.0,0,42,0.01,0.5,0.05,1.0
1.0,2,0,9.29875,,0.5232301387897316,2,0.0,0,42,0.01,0.5,0.05,1.0
1.0,2,0,9.29875,,0.5232301387897316,2,0.0,0,42,0.01,0.5,0.05,1.0
1.0,2,0,9.29875,,0.5232301387897316,2,0.0,0,42,0.01,0.5,0.05,1.0
4.0,1,10,0.25,0.23750000000000002,0.5006249996744794,1,5.0,0,42,0.01,0.5,0.05,1.0
3.0,0,0,-0.9274687500000001,-0.2036265625,0.49884066614011796,1,-5.0,0,42,0.01,0.5,0.05,1.0
1.0,2,0,9.29875,4.5350625,0.5232301387897316,1,100.0,0,42,0.01,0.5,0.05,1.0
1.0,2,0,13.8338125,-1.1916906250000001,0.5345294816582388,1,-10.0,0,42,0.01,0.5,0.05,1.0
3.0,1,100,-1.1310953125,-0.193445234375,0.49858613462784446,1,-5.0,0,42,0.01,0.5,0.05,1.0
4.0,1,10,0.48750000000000004,,0.5012187475863095,2,0.0,0,42,0.01,0.5,0.05,1.0
2.0,1,495,0.5,0.47500000000000003,0.5012499973958399,1,10.0,0,42,0.01,0.5,0.05,1.0
2.0,1,-5,0.9750000000000001,,0.5024374806906132,2,0.0,0,42,0.01,0.5,0.05,1.0
1.0,2,0,12.642121875,4.36789390625,0.5315632780015503,1,100.0,0,42,0.01,0.5,0.05,1.0
2.0,1,-5,0.9750000000000001,,0.5024374806906132,2,0.0,0,42,0.01,0.5,0.05,1.0
3.0,1,100,-1.324540546875,-0.18377297265625,0.49834433036790077,1,-5.0,0,42,0.01,0.5,0.05,1.0
3.0,1,100,-1.50831351953125,-0.1745843240234375,0.4981146170365451,1,-5.0,0,42,0.01,0.5,0.05,1.0
2.0,2,0,0.9750000000000001,,0.5024374806906132,2,0.0,0,42,0.01,0.5,0.05,1.0
2.0,2,0,0.9750000000000001,,0.5024374806906132,2,0.0,0,42,0.01,0.5,0.05,1.0
1.0,1,5,17.01001578125,,0.5424228000796709,2,0.0,0,42,0.01,0.5,0.05,1.0
3.0,1,-10,-1.6828978435546875,-0.16585510782226565,0.49789639010747644,1,-5.0,0,42,0.01,0.5,0.05,1.0
3.0,1,-10,-1.8487529513769532,-0.15756235243115235,0.4976890752659235,1,-5.0,0,42,0.01,0.5,0.05,1.0
4.0,1,10,0.48750000000000004,,0.5012187475863095,2,0.0,0,42,0.01,0.5,0.05,1.0
1.0,1,5,17.01001578125,-1.3505007890625,0.5424228000796709,1,-10.0,0,42,0.01,0.5,0.05,1.0
4.0,0,0,0.48750000000000004,,0.5012187475863095,2,0.0,0,42,0.01,0.5,0.05,1.0
3.0,1,-10,-2.0063153038081056,,0.4974921269013386,2,0.0,0,42,0.01,0.5,0.05,1.0
1.0,1,5,15.6595149921875,,0.5390689824919708,2,0.0,0,42,0.01,0.5,0.05,1.0
1.0,2,0,15.6595149921875,,0.5390689824919708,2,0.0,0,42,0.01,0.5,0.05,1.0
1.0,1,5,15.6595149921875,4.217024250390625,0.5390689824919708,1,100.0,0,42,0.01,0.5,0.05,1.0
1.0,1,5,19.876539242578126,4.006173037871093,0.5495283927134269,1,100.0,0,42,0.01,0.5,0.05,1.0
1.0,1,5,23.88271228044922,-1.694135614022461,0.5594245919083732,1,-10.0,0,42,0.01,0.5,0.05,1.0
3.0,1,100,-2.0063153038081056,24.850315765190405,0.4974921269013386,1,495.0,0,42,0.01,0.5,0.05,1.0
4.0,1,-100,0.48750000000000004,0.22562500000000002,0.5012187475863095,1,5.0,0,42,0.01,0.5,0.05,1.0
1.0,1,5,22.18857666642676,,0.555244969782626,2,0.0,0,42,0.01,0.5,0.05,1.0
3.0,1,-10,22.8440004613823,,0.5568629340533834,2,0.0,0,42,0.01,0.5,0.05,1.0
1.0,1,5,22.18857666642676,,0.555244969782626,2,0.0,0,42,0.01,0.5,0.05,1.0
4.0,1,-100,0.713125,,0.5017828049446682,2,0.0,0,42,0.01,0.5,0.05,1.0
3.0,2,0,22.8440004613823,-1.3922000230691152,0.5568629340533834,1,-5.0,0,42,0.01,0.5,0.05,1.0
1.0,1,5,22.18857666642676,3.8905711666786624,0.555244969782626,1,100.0,0,42,0.01,0.5,0.05,1.0
1.0,1,5,26.07914783310542,-1.8039573916552714,0.5648308447447354,1,-10.0,0,42,0.01,0.5,0.05,1.0
4.0,0,0,0.713125,0.21434375000000003,0.5017828049446682,1,5.0,0,42,0.01,0.5,0.05,1.0
3.0,1,100,21.451800438313185,-1.3225900219156594,0.5534247830320881,1,-5.0,0,42,0.01,0.5,0.05,1.0
3.0,1,-10,20.129210416397527,,0.55015379387031,2,0.0,0,42,0.01,0.5,0.05,1.0
4.0,1,10,0.9274687500000001,0.2036265625,0.5023186552541633,1,5.0,0,42,0.01,0.5,0.05,1.0
1.0,1,-495,24.27519044145015,-1.7137595220725075,0.5603917010008524,1,-10.0,0,42,0.01,0.5,0.05,1.0
3.0,1,-10,20.129210416397527,23.743539479180125,0.55015379387031,1,495.0,0,42,0.01,0.5,0.05,1.0
4.0,1,-100,1.1310953125,0.193445234375,0.5028277081337841,1,5.0,0,42,0.01,0.5,0.05,1.0
1.0,2,0,22.561430919377642,,0.5561655351907697,2,0.0,0,42,0.01,0.5,0.05,1.0
2.0,1,-5,0.9750000000000001,,0.5024374806906132,2,0.0,0,42,0.01,0.5,0.05,1.0
3.0,1,-10,43.872749895577655,-2.443637494778883,0.6079557774851019,1,-5.0,0,42,0.01,0.5,0.05,1.0
4.0,1,-100,1.324540546875,,0.5033113029558685,2,0.0,0,42,0.01,0.5,0.05,1.0
2.0,1,-5,0.9750000000000001,,0.5024374806906132,2,0.0,0,42,0.01,0.5,0.05,1.0
1.0,1,5,22.561430919377642,3.871928454031118,0.5561655351907697,1,100.0,0,42,0.01,0.5,0.05,1.0
1.0,1,5,26.43335937340876,-1.8216679686704382,0.5657012851517581,1,-10.0,0,42,0.01,0.5,0.05,1.0
4.0,2,0,1.324540546875,0.18377297265625,0.5033113029558685,1,5.0,0,42,0.01,0.5,0.05,1.0
4.0,1,10,1.50831351953125,0.1745843240234375,0.5037707123123744,1,5.0,0,42,0.01,0.5,0.05,1.0
2.0,1,-5,0.9750000000000001,0.45125000000000004,0.5024374806906132,1,10.0,0,42,0.01,0.5,0.05,1.0
4.0,1,-100,1.6828978435546875,,0.504207145315637,2,0.0,0,42,0.01,0.5,0.05,1.0
4.0,1,10,1.6828978435546875,,0.504207145315637,2,0.0,0,42,0.01,0.5,0.05,1.0
1.0,1,5,24.61169140473832,-1.7305845702369163,0.5612205114769628,1,-10.0,0,42,0.01,0.5,0.05,1.0
3.0,1,100,41.42911240079877,-2.3214556200399388,0.6021163621728934,1,-5.0,0,42,0.01,0.5,0.05,1.0
2.0,1,-5,1.42625,-5.0713125,0.503565564558268,1,-100.0,0,42,0.01,0.5,0.05,1.0
1.0,1,5,22.881106834501402,3.8559446582749306,0.5569544982581758,1,100.0,0,42,0.01,0.5,0.05,1.0
1.0,1,5,26.73705149277633,3.6631474253611835,0.5664472566806129,1,100.0,0,42,0.01,0.5,0.05,1.0
2.0,1,-5,-3.6450625000000003,0.682253125,0.49544379799073884,1,10.0,0,42,0.01,0.5,0.05,1.0
2.0,2,0,-2.9628093750000004,0.6481404687500001,0.4962965560095813,1,10.0,0,42,0.01,0.5,0.05,1.0
4.0,1,10,1.6828978435546875,,0.504207145315637,2,0.0,0,42,0.01,0.5,0.05,1.0
4.0,1,-100,1.6828978435546875,0.16585510782226565,0.504207145315637,1,5.0,0,42,0.01,0.5,0.05,1.0
4.0,2,0,1.8487529513769532,0.15756235243115235,0.5046217507406592,1,5.0,0,42,0.01,0.5,0.05,1.0
1.0,1,5,30.400198918137516,-2.020009945906876,0.5754205436530656,1,-10.0,0,42,0.01,0.5,0.05,1.0
3.0,1,-10,39.10765678075883,-2.2053828390379415,0.5965418341938813,1,-5.0,0,42,0.01,0.5,0.05,1.0
4.0,1,-100,2.0063153038081056,0.14968423480959472,0.5050156200158094,1,5.0,0,42,0.01,0.5,0.05,1.0
2.0,1,-5,-2.3146689062500005,,0.4971066961617639,2,0.0,0,42,0.01,0.5,0.05,1.0
3.0,1,100,36.90227394172089,-2.095113697086045,0.5912228167332365,1,-5.0,0,42,0.01,0.5,0.05,1.0
1.0,1,-495,28.38018897223064,-1.919009448611532,0.5704780603496609,1,-10.0,0,42,0.01,0.5,0.05,1.0
4.0,1,-100,2.1559995386177,-24.90779997693089,0.5053897900686244,1,-496.0,0,42,0.01,0.5,0.05,1.0
3.0,1,-10,34.80716024463485,,0.5861498695559844,2,0.0,0,42,0.01,0.5,0.05,1.0
1.0,1,5,26.46117952361911,,0.5657696333765789,2,0.0,0,42,0.01,0.5,0.05,1.0
4.0,1,-100,-22.75180043831319,1.3875900219156596,0.471590879976477,1,5.0,0,42,0.01,0.5,0.05,1.0
3.0,1,100,34.80716024463485,-1.9903580122317426,0.5861498695559844,1,-5.0,0,42,0.01,0.5,0.05,1.0
4.0,1,10,-21.36421041639753,1.3182105208198767,0.47332010193139346,1,5.0,0,42,0.01,0.5,0.05,1.0
3.0,1,100,32.816802232403106,,0.5813135618028472,2,0.0,0,42,0.01,0.5,0.05,1.0
3.0,1,100,32.816802232403106,,0.5813135618028472,2,0.0,0,42,0.01,0.5,0.05,1.0
4.0,1,10,-20.04599989557765,1.2522999947788827,0.4749634564917925,1,5.0,0,42,0.01,0.5,0.05,1.0
3.0,1,100,32.816802232403106,23.109159888379846,0.5813135618028472,1,495.0,0,42,0.01,0.5,0.05,1.0
2.0,1,-5,-2.3146689062500005,,0.4971066961617639,2,0.0,0,42,0.01,0.5,0.05,1.0
2.0,1,495,-2.3146689062500005,0.6157334453125001,0.4971066961617639,1,10.0,0,42,0.01,0.5,0.05,1.0
1.0,1,5,26.46117952361911,,0.5657696333765789,2,0.0,0,42,0.01,0.5,0.05,1.0
2.0,1,-5,-1.6989354609375005,0.584946773046875,0.49787634344398646,1,10.0,0,42,0.01,0.5,0.05,1.0
2.0,2,0,-1.1139886878906253,0.5556994343945313,0.498607517740197,1,10.0,0,42,0.01,0.5,0.05,1.0
2.0,1,-5,-0.558289253496094,0.5279144626748047,0.4993021388862844,1,10.0,0,42,0.01,0.5,0.05,1.0
2.0,2,0,-0.030374790821289355,-4.998481260458936,0.49996203151154645,1,-100.0,0,42,0.01,0.5,0.05,1.0
1.0,1,5,26.46117952361911,-1.8230589761809555,0.5657696333765789,1,-10.0,0,42,0.01,0.5,0.05,1.0
1.0,1,5,24.638120547438152,,0.5612855927289905,2,0.0,0,42,0.01,0.5,0.05,1.0
4.0,2,0,-18.793699900798767,,0.47652514631657594,2,0.0,0,42,0.01,0.5,0.05,1.0
3.0,1,100,55.925962120782955,,0.6362812136145028,2,0.0,0,42,0.01,0.5,0.05,1.0
1.0,1,5,24.638120547438152,,0.5612855927289905,2,0.0,0,42,0.01,0.5,0.05,1.0
3.0,1,100,55.925962120782955,-3.046298106039148,0.6362812136145028,1,-5.0,0,42,0.01,0.5,0.05,1.0
2.0,1,-5,-5.028856051280226,,0.4937142611043318,2,0.0,0,42,0.01,0.5,0.05,1.0
4.0,1,10,-18.793699900798767,,0.47652514631657594,2,0.0,0,42,0.01,0.5,0.05,1.0
4.0,2,0,-18.793699900798767,-23.860315004960064,0.47652514631657594,1,-496.0,0,42,0.01,0.5,0.05,1.0
4.0,1,10,-42.65401490575883,,0.44688365810467856,2,0.0,0,42,0.01,0.5,0.05,1.0
1.0,1,5,24.638120547438152,-1.7319060273719076,0.5612855927289905,1,-10.0,0,42,0.01,0.5,0.05,1.0
2.0,1,-5,-5.028856051280226,-4.748557197435988,0.4937142611043318,1,-100.0,0,42,0.01,0.5,0.05,1.0
2.0,1,-5,-9.777413248716215,,0.48778066697024647,2,0.0,0,42,0.01,0.5,0.05,1.0
4.0,1,-100,-42.65401490575883,2.3827007452879414,0.44688365810467856,1,5.0,0,42,0.01,0.5,0.05,1.0
4.0,2,0,-40.27131416047089,,0.44983025168126345,2,0.0,0,42,0.01,0.5,0.05,1.0
4.0,2,0,-40.27131416047089,,0.44983025168126345,2,0.0,0,42,0.01,0.5,0.05,1.0
4.0,1,10,-40.27131416047089,2.2635657080235445,0.44983025168126345,1,5.0,0,42,0.01,0.5,0.05,1.0
2.0,1,-5,-9.777413248716215,,0.48778066697024647,2,0.0,0,42,0.01,0.5,0.05,1.0
4.0,2,0,-38.007748452447345,,0.45263278319793987,2,0.0,0,42,0.01,0.5,0.05,1.0
2.0,2,0,-9.777413248716215,,0.48778066697024647,2,0.0,0,42,0.01,0.5,0.05,1.0
3.0,1,-10,52.87966401474381,22.10601679926281,0.629202403682043,1,495.0,0,42,0.01,0.5,0.05,1.0
1.0,1,5,22.906214520066246,3.854689273996688,0.5570164521389863,1,100.0,0,42,0.01,0.5,0.05,1.0
3.0,1,-10,74.98568081400663,-3.9992840407003314,0.6791474975854823,1,-5.0,0,42,0.01,0.5,0.05,1.0
1.0,1,5,26.760903794062934,-1.8380451897031467,0.5665058333693068,1,-10.0,0,42,0.01,0.5,0.05,1.0
1.0,1,5,24.92285860435979,,0.5619866205212565,2,0.0,0,42,0.01,0.5,0.05,1.0
2.0,1,-5,-9.777413248716215,0.9888706624358108,0.48778066697024647,1,10.0,0,42,0.01,0.5,0.05,1.0
2.0,1,-5,-8.788542586280403,,0.489016089169824,2,0.0,0,42,0.01,0.5,0.05,1.0
2.0,2,0,-8.788542586280403,,0.489016089169824,2,0.0,0,42,0.01,0.5,0.05,1.0
3.0,1,-10,70.9863967733063,-3.799319838665315,0.6703711009538514,1,-5.0,0,42,0.01,0.5,0.05,1.0
4.0,1,-100,-38.007748452447345,,0.45263278319793987,2,0.0,0,42,0.01,0.5,0.05,1.0
3.0,1,-10,67.18707693464098,-3.6093538467320494,0.6619219291095295,1,-5.0,0,42,0.01,0.5,0.05,1.0
1.0,1,-495,24.92285860435979,-1.7461429302179896,0.5619866205212565,1,-10.0,0,42,0.01,0.5,0.05,1.0
2.0,1,-5,-8.788542586280403,,0.489016089169824,2,0.0,0,42,0.01,0.5,0.05,1.0
3.0,1,-10,63.577723087908936,-3.428886154395447,0.6537982750934058,1,-5.0,0,42,0.01,0.5,0.05,1.0
2.0,1,-5,-8.788542586280403,0.9394271293140202,0.489016089169824,1,10.0,0,42,0.01,0.5,0.05,1.0
3.0,1,100,60.148836933513486,-3.257441846675674,0.645996747806347,1,-5.0,0,42,0.01,0.5,0.05,1.0
4.0,1,-100,-38.007748452447345,2.150387422622367,0.45263278319793987,1,5.0,0,42,0.01,0.5,0.05,1.0
2.0,1,-5,-7.849115456966383,,0.49018986478986265,2,0.0,0,42,0.01,0.5,0.05,1.0
1.0,1,5,23.1767156741418,,0.5576838080342471,2,0.0,0,42,0.01,0.5,0.05,1.0
3.0,1,-10,56.89139508683781,,0.6385125372321616,2,0.0,0,42,0.01,0.5,0.05,1.0
3.0,1,-10,56.89139508683781,,0.6385125372321616,2,0.0,0,42,0.01,0.5,0.05,1.0
2.0,1,495,-7.849115456966383,0.8924557728483192,0.49018986478986265,1,10.0,0,42,0.01,0.5,0.05,1.0
3.0,1,-10,56.89139508683781,-3.0945697543418906,0.6385125372321616,1,-5.0,0,42,0.01,0.5,0.05,1.0
2.0,1,-5,-6.956659684118064,,0.49130505202925456,2,0.0,0,42,0.01,0.5,0.05,1.0
2.0,2,0,-6.956659684118064,,0.49130505202925456,2,0.0,0,42,0.01,0.5,0.05,1.0
3.0,1,100,53.79682533249592,-2.9398412666247964,0.6313396552296807,1,-5.0,0,42,0.01,0.5,0.05,1.0
1.0,1,5,23.1767156741418,,0.5576838080342471,2,0.0,0,42,0.01,0.5,0.05,1.0
2.0,1,-5,-6.956659684118064,,0.49130505202925456,2,0.0,0,42,0.01,0.5,0.05,1.0
2.0,2,0,-6.956659684118064,,0.49130505202925456,2,0.0,0,42,0.01,0.5,0.05,1.0
4.0,1,10,-35.85736102982498,2.042868051491249,0.4552979755362896,1,5.0,0,42,0.01,0.5,0.05,1.0
3.0,1,-10,50.856984065871124,-2.7928492032935566,0.6244711519376719,1,-5.0,0,42,0.01,0.5,0.05,1.0
3.0,1,100,48.06413486257757,,0.6178993084668236,2,0.0,0,42,0.01,0.5,0.05,1.0
2.0,1,-5,-6.956659684118064,-4.652167015794097,0.49130505202925456,1,-100.0,0,42,0.01,0.5,0.05,1.0
2.0,2,0,-11.60882669991216,1.0804413349956081,0.4854930393724213,1,10.0,0,42,0.01,0.5,0.05,1.0
4.0,1,10,-33.81449297833373,,0.4578322847164249,2,0.0,0,42,0.01,0.5,0.05,1.0
4.0,1,-100,-33.81449297833373,-23.109275351083312,0.4578322847164249,1,-496.0,0,42,0.01,0.5,0.05,1.0
3.0,1,100,48.06413486257757,-2.6532067431288784,0.6178993084668236,1,-5.0,0,42,0.01,0.5,0.05,1.0
2.0,1,-5,-10.528385364916552,,0.48684255661559084,2,0.0,0,42,0.01,0.5,0.05,1.0
4.0,2,0,-56.923768329417044,3.096188416470852,0.42932177113388154,1,5.0,0,42,0.01,0.5,0.05,1.0
2.0,1,-5,-10.528385364916552,,0.48684255661559084,2,0.0,0,42,0.01,0.5,0.05,1.0
2.0,1,-5,-10.528385364916552,-4.473580731754173,0.48684255661559084,1,-100.0,0,42,0.01,0.5,0.05,1.0
2.0,1,495,-15.001966096670724,-4.249901695166463,0.48125632995387035,1,-100.0,0,42,0.01,0.5,0.05,1.0
4.0,1,-100,-53.82757991294619,-22.108621004352692,0.4331187516638354,1,-496.0,0,42,0.01,0.5,0.05,1.0
1.0,1,5,23.1767156741418,3.84116421629291,0.5576838080342471,1,100.0,0,42,0.01,0.5,0.05,1.0
3.0,1,100,45.41092811944869,-2.5205464059724347,0.6116158070010744,1,-5.0,0,42,0.01,0.5,0.05,1.0
3.0,1,-10,42.89038171347626,-2.394519085673813,0.6056118797291583,1,-5.0,0,42,0.01,0.5,0.05,1.0
3.0,1,100,40.495862627802445,-2.274793131390122,0.5998784382064811,1,-5.0,0,42,0.01,0.5,0.05,1.0
4.0,1,10,-75.93620091729889,,0.40620383718411085,2,0.0,0,42,0.01,0.5,0.05,1.0
4.0,1,10,-75.93620091729889,4.0468100458649445,0.40620383718411085,1,5.0,0,42,0.01,0.5,0.05,1.0
3.0,1,100,38.221069496412326,-2.1610534748206165,0.5944061848338268,1,-5.0,0,42,0.01,0.5,0.05,1.0
2.0,1,-5,0.0,-5.0,0.5,1,-100.0,2,44,0.05,0.5,0.05,1.0
3.0,1,100,0.0,-0.25,0.5,1,-5.0,2,44,0.05,0.5,0.05,1.0
1.0,1,5,0.0,-0.5,0.5,1,-10.0,2,44,0.05,0.5,0.05,1.0
4.0,0,0,0.0,0.25,0.5,1,5.0,2,44,0.05,0.5,0.05,1.0
4.0,1,-100,0.25,,0.5031249593105316,2,0.0,2,44,0.05,0.5,0.05,1.0
4.0,2,0,0.25,,0.5031249593105316,2,0.0,2,44,0.05,0.5,0.05,1.0
3.0,1,-10,-0.25,,0.4984375050862431,2,0.0,2,44,0.05,0.5,0.05,1.0
1.0,1,5,-0.5,-0.47500000000000003,0.4968750406894683,1,-10.0,2,44,0.05,0.5,0.05,1.0
2.0,1,-5,-5.0,,0.46879062662624377,2,0.0,2,44,0.05,0.5,0.05,1.0
1.0,2,0,-0.9750000000000001,,0.4939065516941113,2,0.0,2,44,0.05,0.5,0.05,1.0
1.0,1,5,-0.9750000000000001,-0.45125000000000004,0.4939065516941113,1,-10.0,2,44,0.05,0.5,0.05,1.0
2.0,1,-5,-5.0,,0.46879062662624377,2,0.0,2,44,0.05,0.5,0.05,1.0
3.0,2,0,-0.25,,0.4984375050862431,2,0.0,2,44,0.05,0.5,0.05,1.0
4.0,2,0,0.25,0.23750000000000002,0.5031249593105316,1,5.0,2,44,0.05,0.5,0.05,1.0
4.0,2,0,0.48750000000000004,,0.5060934483058888,2,0.0,2,44,0.05,0.5,0.05,1.0
2.0,1,-5,-5.0,0.75,0.46879062662624377,1,10.0,2,44,0.05,0.5,0.05,1.0
2.0,2,0,-4.25,-4.7875000000000005,0.4734624606323862,1,-100.0,2,44,0.05,0.5,0.05,1.0
1.0,1,5,-1.42625,,0.49108688180121757,2,0.0,2,44,0.05,0.5,0.05,1.0
3.0,2,0,-0.25,-0.23750000000000002,0.4984375050862431,1,-5.0,2,44,0.05,0.5,0.05,1.0
1.0,1,-495,-1.42625,,0.49108688180121757,2,0.0,2,44,0.05,0.5,0.05,1.0
1.0,2,0,-1.42625,5.0713125,0.49108688180121757,1,100.0,2,44,0.05,0.5,0.05,1.0
1.0,2,0,3.6450625000000003,,0.5454375788412922,2,0.0,2,44,0.05,0.5,0.05,1.0
1.0,2,0,3.6450625000000003,4.817746875000001,0.5454375788412922,1,100.0,2,44,0.05,0.5,0.05,1.0
4.0,1,10,0.48750000000000004,0.22562500000000002,0.5060934483058888,1,5.0,2,44,0.05,0.5,0.05,1.0
3.0,0,0,-0.48750000000000004,,0.49695316271344436,2,0.0,2,44,0.05,0.5,0.05,1.0
1.0,2,0,8.462809375,4.57685953125,0.6042344916934156,1,100.0,2,44,0.05,0.5,0.05,1.0
1.0,2,0,13.03966890625,,0.6574572882440766,2,0.0,2,44,0.05,0.5,0.05,1.0
3.0,1,100,-0.48750000000000004,-0.22562500000000002,0.49695316271344436,1,-5.0,2,44,0.05,0.5,0.05,1.0
4.0,1,10,0.713125,,0.5089131181987824,2,0.0,2,44,0.05,0.5,0.05,1.0
2.0,1,495,-9.037500000000001,0.9518750000000001,0.4437546880836536,1,10.0,2,44,0.05,0.5,0.05,1.0
2.0,1,-5,-8.085625000000002,,0.449636219241488,2,0.0,2,44,0.05,0.5,0.05,1.0
1.0,2,0,13.03966890625,-1.1519834453125,0.6574572882440766,1,-10.0,2,44,0.05,0.5,0.05,1.0
2.0,1,-5,-8.085625000000002,0.90428125,0.449636219241488,1,10.0,2,44,0.05,0.5,0.05,1.0
3.0,1,100,-0.713125,-0.21434375000000003,0.4955430867989071,1,-5.0,2,44,0.05,0.5,0.05,1.0
3.0,1,100,-0.9274687500000001,,0.4942035800013464,2,0.0,2,44,0.05,0.5,0.05,1.0
2.0,2,0,-7.181343750000002,0.8590671875000002,0.4552367722120754,1,10.0,2,44,0.05,0.5,0.05,1.0
2.0,2,0,-6.322276562500002,,0.4605678284945686,2,0.0,2,44,0.05,0.5,0.05,1.0
1.0,1,5,11.887685460937501,4.405615726953125,0.6443704680074338,1,100.0,2,44,0.05,0.5,0.05,1.0
3.0,1,-10,-0.9274687500000001,-0.2036265625,0.4942035800013464,1,-5.0,2,44,0.05,0.5,0.05,1.0
3.0,1,-10,-1.1310953125,,0.4929311253193945,2,0.0,2,44,0.05,0.5,0.05,1.0
4.0,1,10,0.713125,0.21434375000000003,0.5089131181987824,1,5.0,2,44,0.05,0.5,0.05,1.0
1.0,1,5,16.293301187890627,,0.6931027082679716,2,0.0,2,44,0.05,0.5,0.05,1.0
4.0,0,0,0.9274687500000001,0.2036265625,0.5115912821992321,1,5.0,2,44,0.05,0.5,0.05,1.0
3.0,1,-10,-1.1310953125,-0.193445234375,0.4929311253193945,1,-5.0,2,44,0.05,0.5,0.05,1.0
1.0,1,5,16.293301187890627,4.185334940605469,0.6931027082679716,1,100.0,2,44,0.05,0.5,0.05,1.0
1.0,2,0,20.478636128496095,3.9760681935751956,0.73573775980281,1,100.0,2,44,0.05,0.5,0.05,1.0
1.0,1,5,24.45470432207129,3.7772647838964355,0.772544538425485,1,100.0,2,44,0.05,0.5,0.05,1.0
1.0,1,5,28.231969105967725,3.588401544701614,0.8040179395847342,1,100.0,2,44,0.05,0.5,0.05,1.0
1.0,1,5,31.82037065066934,-2.091018532533467,0.8307593552043889,1,-10.0,2,44,0.05,0.5,0.05,1.0
3.0,1,100,-1.324540546875,,0.4917223779392273,2,0.0,2,44,0.05,0.5,0.05,1.0
4.0,1,-100,1.1310953125,,0.5141349241297235,2,0.0,2,44,0.05,0.5,0.05,1.0
1.0,1,5,29.72935211813587,-1.9864676059067936,0.8155474874882863,1,-10.0,2,44,0.05,0.5,0.05,1.0
3.0,1,-10,-1.324540546875,,0.4917223779392273,2,0.0,2,44,0.05,0.5,0.05,1.0
1.0,1,5,27.74288451222908,,0.8001359436503634,2,0.0,2,44,0.05,0.5,0.05,1.0
4.0,1,-100,1.1310953125,-24.856554765625003,0.5141349241297235,1,-496.0,2,44,0.05,0.5,0.05,1.0
3.0,2,0,-1.324540546875,,0.4917223779392273,2,0.0,2,44,0.05,0.5,0.05,1.0
1.0,1,5,27.74288451222908,3.612855774388546,0.8001359436503634,1,100.0,2,44,0.05,0.5,0.05,1.0
1.0,1,5,31.355740286617625,3.4322129856691195,0.8274679007836024,1,100.0,2,44,0.05,0.5,0.05,1.0
4.0,0,0,-23.725459453125,,0.3559155227455457,2,0.0,2,44,0.05,0.5,0.05,1.0
3.0,1,100,-1.324540546875,,0.4917223779392273,2,0.0,2,44,0.05,0.5,0.05,1.0
3.0,1,-10,-1.324540546875,,0.4917223779392273,2,0.0,2,44,0.05,0.5,0.05,1.0
4.0,1,10,-23.725459453125,,0.3559155227455457,2,0.0,2,44,0.05,0.5,0.05,1.0
1.0,1,-495,34.78795327228674,,0.8506105413935069,2,0.0,2,44,0.05,0.5,0.05,1.0
3.0,1,-10,-1.324540546875,-0.18377297265625,0.4917223779392273,1,-5.0,2,44,0.05,0.5,0.05,1.0
4.0,1,-100,-23.725459453125,,0.3559155227455457,2,0.0,2,44,0.05,0.5,0.05,1.0
1.0,2,0,34.78795327228674,3.260602336385663,0.8506105413935069,1,100.0,2,44,0.05,0.5,0.05,1.0
2.0,1,-5,-6.322276562500002,,0.4605678284945686,2,0.0,2,44,0.05,0.5,0.05,1.0
3.0,1,-10,-1.50831351953125,,0.4905741573453806,2,0.0,2,44,0.05,0.5,0.05,1.0
4.0,1,-100,-23.725459453125,1.4362729726562502,0.3559155227455457,1,5.0,2,44,0.05,0.5,0.05,1.0
2.0,1,-5,-6.322276562500002,-4.683886171875,0.4605678284945686,1,-100.0,2,44,0.05,0.5,0.05,1.0
1.0,1,5,38.0485556086724,3.09757221956638,0.8701660557887613,1,100.0,2,44,0.05,0.5,0.05,1.0
1.0,1,5,41.14612782823878,2.942693608588061,0.8866838096683605,1,100.0,2,44,0.05,0.5,0.05,1.0
4.0,2,0,-22.28918648046875,,0.3641887044661763,2,0.0,2,44,0.05,0.5,0.05,1.0
4.0,1,10,-22.28918648046875,,0.3641887044661763,2,0.0,2,44,0.05,0.5,0.05,1.0
2.0,1,-5,-11.006162734375001,1.0503081367187501,0.43164221896241556,1,10.0,2,44,0.05,0.5,0.05,1.0
4.0,1,-100,-22.28918648046875,,0.3641887044661763,2,0.0,2,44,0.05,0.5,0.05,1.0
4.0,1,10,-22.28918648046875,,0.3641887044661763,2,0.0,2,44,0.05,0.5,0.05,1.0
1.0,1,5,44.08882143682684,-2.7044410718413423,0.9006476122987072,1,-10.0,2,44,0.05,0.5,0.05,1.0
3.0,1,100,-1.50831351953125,-0.1745843240234375,0.4905741573453806,1,-5.0,2,44,0.05,0.5,0.05,1.0
2.0,1,-5,-9.955854597656252,-4.502207270117188,0.4380951599308625,1,-100.0,2,44,0.05,0.5,0.05,1.0
1.0,1,5,41.384380364985496,-2.569219018249275,0.8878752360707963,1,-10.0,2,44,0.05,0.5,0.05,1.0
1.0,1,5,38.81516134673622,,0.8744354014893032,2,0.0,2,44,0.05,0.5,0.05,1.0
2.0,1,-5,-14.45806186777344,,0.4106082328888541,2,0.0,2,44,0.05,0.5,0.05,1.0
2.0,2,0,-14.45806186777344,,0.4106082328888541,2,0.0,2,44,0.05,0.5,0.05,1.0
4.0,1,10,-22.28918648046875,,0.3641887044661763,2,0.0,2,44,0.05,0.5,0.05,1.0
4.0,1,-100,-22.28918648046875,1.3644593240234375,0.3641887044661763,1,5.0,2,44,0.05,0.5,0.05,1.0
4.0,2,0,-20.924727156445314,,0.37212338872359657,2,0.0,2,44,0.05,0.5,0.05,1.0
1.0,1,5,38.81516134673622,3.0592419326631894,0.8744354014893032,1,100.0,2,44,0.05,0.5,0.05,1.0
3.0,1,-10,-1.6828978435546875,,0.4894834397041691,2,0.0,2,44,0.05,0.5,0.05,1.0
4.0,1,-100,-20.924727156445314,,0.37212338872359657,2,0.0,2,44,0.05,0.5,0.05,1.0
2.0,1,-5,-14.45806186777344,,0.4106082328888541,2,0.0,2,44,0.05,0.5,0.05,1.0
3.0,1,100,-1.6828978435546875,,0.4894834397041691,2,0.0,2,44,0.05,0.5,0.05,1.0
1.0,1,-495,41.87440327939941,-2.5937201639699707,0.8902913119905986,1,-10.0,2,44,0.05,0.5,0.05,1.0
4.0,1,-100,-20.924727156445314,,0.37212338872359657,2,0.0,2,44,0.05,0.5,0.05,1.0
3.0,1,-10,-1.6828978435546875,-0.16585510782226565,0.4894834397041691,1,-5.0,2,44,0.05,0.5,0.05,1.0
1.0,1,5,39.28068311542944,-2.464034155771472,0.8769688778568745,1,-10.0,2,44,0.05,0.5,0.05,1.0
4.0,1,-100,-20.924727156445314,1.2962363578222658,0.37212338872359657,1,5.0,2,44,0.05,0.5,0.05,1.0
3.0,1,100,-1.8487529513769532,,0.48844735052525917,2,0.0,2,44,0.05,0.5,0.05,1.0
4.0,1,10,-19.628490798623048,1.2314245399311525,0.37972578941536383,1,5.0,2,44,0.05,0.5,0.05,1.0
3.0,1,100,-1.8487529513769532,,0.48844735052525917,2,0.0,2,44,0.05,0.5,0.05,1.0
3.0,1,100,-1.8487529513769532,-0.15756235243115235,0.48844735052525917,1,-5.0,2,44,0.05,0.5,0.05,1.0
4.0,1,10,-18.397066258691897,,0.3870032231294901,2,0.0,2,44,0.05,0.5,0.05,1.0
3.0,1,100,-2.0063153038081056,-0.14968423480959472,0.4874631576037829,1,-5.0,2,44,0.05,0.5,0.05,1.0
2.0,1,-5,-14.45806186777344,,0.4106082328888541,2,0.0,2,44,0.05,0.5,0.05,1.0
2.0,1,495,-14.45806186777344,1.222903093388672,0.4106082328888541,1,10.0,2,44,0.05,0.5,0.05,1.0
1.0,1,5,36.81664895965797,3.159167552017102,0.863047129836226,1,100.0,2,44,0.05,0.5,0.05,1.0
2.0,1,-5,-13.235158774384768,-4.338242061280762,0.4180267717550448,1,-100.0,2,44,0.05,0.5,0.05,1.0
2.0,2,0,-17.57340083566553,,0.3918994318655136,2,0.0,2,44,0.05,0.5,0.05,1.0
2.0,1,-5,-17.57340083566553,,0.3918994318655136,2,0.0,2,44,0.05,0.5,0.05,1.0
2.0,2,0,-17.57340083566553,1.3786700417832767,0.3918994318655136,1,10.0,2,44,0.05,0.5,0.05,1.0
1.0,1,5,39.97581651167507,-2.498790825583754,0.8806700639523994,1,-10.0,2,44,0.05,0.5,0.05,1.0
1.0,1,5,37.47702568609132,-2.373851284304566,0.8669032745553957,1,-10.0,2,44,0.05,0.5,0.05,1.0
4.0,2,0,-18.397066258691897,1.169853312934595,0.3870032231294901,1,5.0,2,44,0.05,0.5,0.05,1.0
3.0,1,100,-2.1559995386177,,0.48652826424278456,2,0.0,2,44,0.05,0.5,0.05,1.0
1.0,1,5,35.10317440178675,,0.8526022866744598,2,0.0,2,44,0.05,0.5,0.05,1.0
3.0,1,100,-2.1559995386177,,0.48652826424278456,2,0.0,2,44,0.05,0.5,0.05,1.0
2.0,1,-5,-16.194730793882254,1.3097365396941127,0.40014324972810544,1,10.0,2,44,0.05,0.5,0.05,1.0
4.0,1,10,-17.2272129457573,,0.39396388827074014,2,0.0,2,44,0.05,0.5,0.05,1.0
4.0,2,0,-17.2272129457573,1.1113606472878652,0.39396388827074014,1,5.0,2,44,0.05,0.5,0.05,1.0
4.0,1,10,-16.115852298469438,1.055792614923472,0.40061667022632674,1,5.0,2,44,0.05,0.5,0.05,1.0
1.0,1,5,35.10317440178675,,0.8526022866744598,2,0.0,2,44,0.05,0.5,0.05,1.0
2.0,1,-5,-14.884994254188141,-4.255750287290593,0.4080276813137998,1,-100.0,2,44,0.05,0.5,0.05,1.0
2.0,1,-5,-19.140744541478735,,0.38260199403569833,2,0.0,2,44,0.05,0.5,0.05,1.0
4.0,1,-100,-15.060059683545965,,0.4069709709804075,2,0.0,2,44,0.05,0.5,0.05,1.0
4.0,2,0,-15.060059683545965,,0.4069709709804075,2,0.0,2,44,0.05,0.5,0.05,1.0
4.0,2,0,-15.060059683545965,,0.4069709709804075,2,0.0,2,44,0.05,0.5,0.05,1.0
4.0,1,10,-15.060059683545965,1.0030029841772983,0.4069709709804075,1,5.0,2,44,0.05,0.5,0.05,1.0
2.0,1,-5,-19.140744541478735,,0.38260199403569833,2,0.0,2,44,0.05,0.5,0.05,1.0
4.0,2,0,-14.057056699368667,,0.41303656134912375,2,0.0,2,44,0.05,0.5,0.05,1.0
2.0,2,0,-19.140744541478735,1.457037227073937,0.38260199403569833,1,10.0,2,44,0.05,0.5,0.05,1.0
3.0,1,-10,-2.1559995386177,,0.48652826424278456,2,0.0,2,44,0.05,0.5,0.05,1.0
1.0,1,5,35.10317440178675,3.2448412799106623,0.8526022866744598,1,100.0,2,44,0.05,0.5,0.05,1.0
3.0,1,-10,-2.1559995386177,-0.142200023069115,0.48652826424278456,1,-5.0,2,44,0.05,0.5,0.05,1.0
1.0,1,5,38.34801568169741,-2.4174007840848706,0.8718483068854364,1,-10.0,2,44,0.05,0.5,0.05,1.0
1.0,1,5,35.93061489761254,,0.8577261000097988,2,0.0,2,44,0.05,0.5,0.05,1.0
2.0,1,-5,-17.6837073144048,,0.3912424379438069,2,0.0,2,44,0.05,0.5,0.05,1.0
2.0,1,-5,-17.6837073144048,-4.115814634279761,0.3912424379438069,1,-100.0,2,44,0.05,0.5,0.05,1.0
2.0,2,0,-21.79952194868456,1.589976097434228,0.3670279998186087,1,10.0,2,44,0.05,0.5,0.05,1.0
3.0,1,-10,-2.298199561686815,-0.13509002191565925,0.48564020275369857,1,-5.0,2,44,0.05,0.5,0.05,1.0
4.0,1,-100,-14.057056699368667,,0.41303656134912375,2,0.0,2,44,0.05,0.5,0.05,1.0
3.0,1,-10,-2.4332895836024746,-0.1283355208198763,0.4847966282308734,1,-5.0,2,44,0.05,0.5,0.05,1.0
1.0,1,-495,35.93061489761254,3.203469255119373,0.8577261000097988,1,100.0,2,44,0.05,0.5,0.05,1.0
2.0,1,-5,-20.209545851250333,,0.37631035955815617,2,0.0,2,44,0.05,0.5,0.05,1.0
3.0,1,-10,-2.561625104422351,-0.12191874477888245,0.48399531259482537,1,-5.0,2,44,0.05,0.5,0.05,1.0
2.0,1,-5,-20.209545851250333,-3.9895227074374833,0.37631035955815617,1,-100.0,2,44,0.05,0.5,0.05,1.0
3.0,1,100,-2.6835438492012336,,0.4832341388978709,2,0.0,2,44,0.05,0.5,0.05,1.0
4.0,1,-100,-14.057056699368667,,0.41303656134912375,2,0.0,2,44,0.05,0.5,0.05,1.0
2.0,1,-5,-24.199068558687816,,0.3532059271529574,2,0.0,2,44,0.05,0.5,0.05,1.0
1.0,1,5,39.134084152731916,3.0432957923634043,0.876175829252175,1,100.0,2,44,0.05,0.5,0.05,1.0
3.0,1,-10,-2.6835438492012336,,0.4832341388978709,2,0.0,2,44,0.05,0.5,0.05,1.0
3.0,1,-10,-2.6835438492012336,-0.11582280753993833,0.4832341388978709,1,-5.0,2,44,0.05,0.5,0.05,1.0
2.0,1,495,-24.199068558687816,-3.7900465720656094,0.3532059271529574,1,-100.0,2,44,0.05,0.5,0.05,1.0
3.0,1,-10,-2.7993666567411717,,0.48251109588499586,2,0.0,2,44,0.05,0.5,0.05,1.0
2.0,1,-5,-27.989115130753426,-3.600544243462329,0.33187256348377836,1,-100.0,2,44,0.05,0.5,0.05,1.0
2.0,2,0,-31.589659374215756,,0.31222418043415645,2,0.0,2,44,0.05,0.5,0.05,1.0
3.0,1,100,-2.7993666567411717,-0.11003166716294142,0.48251109588499586,1,-5.0,2,44,0.05,0.5,0.05,1.0
1.0,1,5,42.17737994509532,2.8911310027452344,0.8917622145360449,1,100.0,2,44,0.05,0.5,0.05,1.0
2.0,1,-5,-31.589659374215756,,0.31222418043415645,2,0.0,2,44,0.05,0.5,0.05,1.0
2.0,2,0,-31.589659374215756,,0.31222418043415645,2,0.0,2,44,0.05,0.5,0.05,1.0
4.0,1,10,-14.057056699368667,-24.09714716503157,0.41303656134912375,1,-496.0,2,44,0.05,0.5,0.05,1.0
3.0,1,-10,-2.9093983239041132,,0.4818242728022351,2,0.0,2,44,0.05,0.5,0.05,1.0
3.0,1,100,-2.9093983239041132,-0.10453008380479434,0.4818242728022351,1,-5.0,2,44,0.05,0.5,0.05,1.0
2.0,1,-5,-31.589659374215756,2.079482968710788,0.31222418043415645,1,10.0,2,44,0.05,0.5,0.05,1.0
2.0,2,0,-29.510176405504968,,0.3234953874796166,2,0.0,2,44,0.05,0.5,0.05,1.0
4.0,1,10,-38.15420386440024,,0.27811019217679694,2,0.0,2,44,0.05,0.5,0.05,1.0
4.0,1,-100,-38.15420386440024,-22.89228980677999,0.27811019217679694,1,-496.0,2,44,0.05,0.5,0.05,1.0
3.0,1,100,-3.0139284077089075,-0.09930357961455463,0.481171854444426,1,-5.0,2,44,0.05,0.5,0.05,1.0
2.0,1,-5,-29.510176405504968,1.9755088202752482,0.3234953874796166,1,10.0,2,44,0.05,0.5,0.05,1.0
4.0,2,0,-61.04649367118023,3.3023246835590117,0.1785558750164739,1,5.0,2,44,0.05,0.5,0.05,1.0
2.0,1,-5,-27.53466758522972,-3.623266620738514,0.3343965097103666,1,-100.0,2,44,0.05,0.5,0.05,1.0
2.0,1,-5,-31.157934205968232,,0.3145465838510828,2,0.0,2,44,0.05,0.5,0.05,1.0
2.0,1,495,-31.157934205968232,,0.3145465838510828,2,0.0,2,44,0.05,0.5,0.05,1.0
4.0,1,-100,-57.744168987621215,,0.1909878341376613,2,0.0,2,44,0.05,0.5,0.05,1.0
1.0,1,5,45.06851094784055,2.7465744526079727,0.9049456064759135,1,100.0,2,44,0.05,0.5,0.05,1.0
3.0,1,100,-3.113231987323462,,0.4805521164339272,2,0.0,2,44,0.05,0.5,0.05,1.0
3.0,1,-10,-3.113231987323462,,0.4805521164339272,2,0.0,2,44,0.05,0.5,0.05,1.0
3.0,1,100,-3.113231987323462,-0.09433840063382691,0.4805521164339272,1,-5.0,2,44,0.05,0.5,0.05,1.0
4.0,1,10,-57.744168987621215,,0.1909878341376613,2,0.0,2,44,0.05,0.5,0.05,1.0
4.0,1,10,-57.744168987621215,-21.91279155061894,0.1909878341376613,1,-496.0,2,44,0.05,0.5,0.05,1.0
3.0,1,100,-3.207570387957289,,0.47996342072174203,2,0.0,2,44,0.05,0.5,0.05,1.0
2.0,1,-5,0.0,,0.5,2,0.0,3,45,0.05,1.0,0.05,1.0
3.0,1,100,0.0,,0.5,2,0.0,3,45,0.05,1.0,0.05,1.0
1.0,1,5,0.0,,0.5,2,0.0,3,45,0.05,1.0,0.05,1.0
4.0,0,0,0.0,,0.5,2,0.0,3,45,0.05,1.0,0.05,1.0
4.0,1,-100,0.0,,0.5,2,0.0,3,45,0.05,1.0,0.05,1.0
4.0,2,0,0.0,,0.5,2,0.0,3,45,0.05,1.0,0.05,1.0
3.0,1,-10,0.0,,0.5,2,0.0,3,45,0.05,1.0,0.05,1.0
1.0,1,5,0.0,,0.5,2,0.0,3,45,0.05,1.0,0.05,1.0
2.0,1,-5,0.0,0.5,0.5,1,10.0,3,45,0.05,1.0,0.05,1.0
1.0,2,0,0.0,,0.5,2,0.0,3,45,0.05,1.0,0.05,1.0
1.0,1,5,0.0,,0.5,2,0.0,3,45,0.05,1.0,0.05,1.0
2.0,1,-5,0.5,,0.5062496744995104,2,0.0,3,45,0.05,1.0,0.05,1.0
3.0,2,0,0.0,,0.5,2,0.0,3,45,0.05,1.0,0.05,1.0
4.0,2,0,0.0,,0.5,2,0.0,3,45,0.05,1.0,0.05,1.0
4.0,2,0,0.0,0.25,0.5,1,5.0,3,45,0.05,1.0,0.05,1.0
2.0,1,-5,0.5,,0.5062496744995104,2,0.0,3,45,0.05,1.0,0.05,1.0
2.0,2,0,0.5,,0.5062496744995104,2,0.0,3,45,0.05,1.0,0.05,1.0
1.0,1,5,0.0,5.0,0.5,1,100.0,3,45,0.05,1.0,0.05,1.0
3.0,2,0,0.0,-0.25,0.5,1,-5.0,3,45,0.05,1.0,0.05,1.0
1.0,1,-495,5.0,-0.75,0.5621765008857981,1,-10.0,3,45,0.05,1.0,0.05,1.0
1.0,2,0,4.25,4.7875000000000005,0.5529259881329059,1,100.0,3,45,0.05,1.0,0.05,1.0
1.0,2,0,9.037500000000001,4.548125000000001,0.6110849394075205,1,100.0,3,45,0.05,1.0,0.05,1.0
1.0,2,0,13.585625000000002,-1.17928125,0.6635782609769361,1,-10.0,3,45,0.05,1.0,0.05,1.0
4.0,1,10,0.25,0.23750000000000002,0.5031249593105316,1,5.0,3,45,0.05,1.0,0.05,1.0
3.0,0,0,-0.25,,0.4968750406894683,2,0.0,3,45,0.05,1.0,0.05,1.0
1.0,2,0,12.406343750000001,-1.1203171875000002,0.6502906844809678,1,-10.0,3,45,0.05,1.0,0.05,1.0
1.0,2,0,11.286026562500002,4.435698671875,0.6374471992864179,1,100.0,3,45,0.05,1.0,0.05,1.0
3.0,1,100,-0.25,-0.23750000000000002,0.4968750406894683,1,-5.0,3,45,0.05,1.0,0.05,1.0
4.0,1,10,0.48750000000000004,0.22562500000000002,0.5060934483058888,1,5.0,3,45,0.05,1.0,0.05,1.0
2.0,1,495,0.5,0.47500000000000003,0.5062496744995104,1,10.0,3,45,0.05,1.0,0.05,1.0
2.0,1,-5,0.9750000000000001,-5.04875,0.512185086877203,1,-100.0,3,45,0.05,1.0,0.05,1.0
1.0,2,0,15.721725234375002,,0.6869903579369725,2,0.0,3,45,0.05,1.0,0.05,1.0
2.0,1,-5,-4.07375,,0.44925345405224215,2,0.0,3,45,0.05,1.0,0.05,1.0
3.0,1,100,-0.48750000000000004,,0.4939065516941113,2,0.0,3,45,0.05,1.0,0.05,1.0
3.0,1,100,-0.48750000000000004,,0.4939065516941113,2,0.0,3,45,0.05,1.0,0.05,1.0
2.0,2,0,-4.07375,-4.7963125,0.44925345405224215,1,-100.0,3,45,0.05,1.0,0.05,1.0
2.0,2,0,-8.8700625,0.943503125,0.39090656198865087,1,10.0,3,45,0.05,1.0,0.05,1.0
1.0,1,5,15.721725234375002,4.21391373828125,0.6869903579369725,1,100.0,3,45,0.05,1.0,0.05,1.0
3.0,1,-10,-0.48750000000000004,,0.4939065516941113,2,0.0,3,45,0.05,1.0,0.05,1.0
3.0,1,-10,-0.48750000000000004,,0.4939065516941113,2,0.0,3,45,0.05,1.0,0.05,1.0
4.0,1,10,0.713125,,0.5089131181987824,2,0.0,3,45,0.05,1.0,0.05,1.0
1.0,1,5,19.935638972656253,4.003218051367187,0.7304254010713798,1,100.0,3,45,0.05,1.0,0.05,1.0
4.0,0,0,0.713125,,0.5089131181987824,2,0.0,3,45,0.05,1.0,0.05,1.0
3.0,1,-10,-0.48750000000000004,-0.22562500000000002,0.4939065516941113,1,-5.0,3,45,0.05,1.0,0.05,1.0
1.0,1,5,23.93885702402344,3.8030571487988283,0.7679804873236635,1,100.0,3,45,0.05,1.0,0.05,1.0
1.0,2,0,27.74191417282227,,0.8001281847803694,2,0.0,3,45,0.05,1.0,0.05,1.0
1.0,1,5,27.74191417282227,3.6129042913588862,0.8001281847803694,1,100.0,3,45,0.05,1.0,0.05,1.0
1.0,1,5,31.354818464181157,3.4322590767909418,0.8274613204956965,1,100.0,3,45,0.05,1.0,0.05,1.0
1.0,1,5,34.7870775409721,3.2606461229513957,0.8506049772507354,1,100.0,3,45,0.05,1.0,0.05,1.0
3.0,1,100,-0.713125,-0.21434375000000003,0.49108688180121757,1,-5.0,3,45,0.05,1.0,0.05,1.0
4.0,1,-100,0.713125,,0.5089131181987824,2,0.0,3,45,0.05,1.0,0.05,1.0
1.0,1,5,38.04772366392349,-2.4023861831961746,0.8701613561815117,1,-10.0,3,45,0.05,1.0,0.05,1.0
3.0,1,-10,-0.9274687500000001,-0.2036265625,0.48840871780076783,1,-5.0,3,45,0.05,1.0,0.05,1.0
1.0,1,5,35.64533748072732,-2.2822668740363663,0.8559765532878635,1,-10.0,3,45,0.05,1.0,0.05,1.0
4.0,1,-100,0.713125,0.21434375000000003,0.5089131181987824,1,5.0,3,45,0.05,1.0,0.05,1.0
3.0,2,0,-1.1310953125,,0.4858650758702766,2,0.0,3,45,0.05,1.0,0.05,1.0
1.0,1,5,33.363070606690954,-2.1681535303345476,0.8413294835197666,1,-10.0,3,45,0.05,1.0,0.05,1.0
1.0,1,5,31.194917076356408,,0.826316881633808,2,0.0,3,45,0.05,1.0,0.05,1.0
4.0,0,0,0.9274687500000001,0.2036265625,0.5115912821992321,1,5.0,3,45,0.05,1.0,0.05,1.0
3.0,1,100,-1.1310953125,,0.4858650758702766,2,0.0,3,45,0.05,1.0,0.05,1.0
3.0,1,-10,-1.1310953125,-0.193445234375,0.4858650758702766,1,-5.0,3,45,0.05,1.0,0.05,1.0
4.0,1,10,1.1310953125,,0.5141349241297235,2,0.0,3,45,0.05,1.0,0.05,1.0
1.0,1,-495,31.194917076356408,3.44025414618218,0.826316881633808,1,100.0,3,45,0.05,1.0,0.05,1.0
3.0,1,-10,-1.324540546875,-0.18377297265625,0.48344929203207765,1,-5.0,3,45,0.05,1.0,0.05,1.0
4.0,1,-100,1.1310953125,0.193445234375,0.5141349241297235,1,5.0,3,45,0.05,1.0,0.05,1.0
1.0,2,0,34.63517122253859,3.268241438873071,0.8496372213072407,1,100.0,3,45,0.05,1.0,0.05,1.0
2.0,1,-5,-7.926559374999999,,0.4021949036895181,2,0.0,3,45,0.05,1.0,0.05,1.0
3.0,1,-10,-1.50831351953125,,0.48115501193642396,2,0.0,3,45,0.05,1.0,0.05,1.0
4.0,1,-100,1.324540546875,0.18377297265625,0.5165507079679224,1,5.0,3,45,0.05,1.0,0.05,1.0
2.0,1,-5,-7.926559374999999,,0.4021949036895181,2,0.0,3,45,0.05,1.0,0.05,1.0
1.0,1,5,37.90341266141166,-2.395170633070583,0.8693439595598624,1,-10.0,3,45,0.05,1.0,0.05,1.0
1.0,1,5,35.50824202834107,3.2245878985829464,0.855129428380599,1,100.0,3,45,0.05,1.0,0.05,1.0
4.0,2,0,1.50831351953125,,0.518844988063576,2,0.0,3,45,0.05,1.0,0.05,1.0
4.0,1,10,1.50831351953125,,0.518844988063576,2,0.0,3,45,0.05,1.0,0.05,1.0
2.0,1,-5,-7.926559374999999,-4.60367203125,0.4021949036895181,1,-100.0,3,45,0.05,1.0,0.05,1.0
4.0,1,-100,1.50831351953125,0.1745843240234375,0.518844988063576,1,5.0,3,45,0.05,1.0,0.05,1.0
4.0,1,10,1.6828978435546875,0.16585510782226565,0.5210238198185627,1,5.0,3,45,0.05,1.0,0.05,1.0
1.0,1,5,38.73282992692402,3.063358503653799,0.8739827125611939,1,100.0,3,45,0.05,1.0,0.05,1.0
3.0,1,100,-1.50831351953125,,0.48115501193642396,2,0.0,3,45,0.05,1.0,0.05,1.0
2.0,1,-5,-12.53023140625,,0.34830194883529975,2,0.0,3,45,0.05,1.0,0.05,1.0
1.0,1,5,41.79618843057782,2.9101905784711093,0.8899087558305826,1,100.0,3,45,0.05,1.0,0.05,1.0
1.0,1,5,44.70637900904893,,0.9033766329617605,2,0.0,3,45,0.05,1.0,0.05,1.0
2.0,1,-5,-12.53023140625,-4.373488429687501,0.34830194883529975,1,-100.0,3,45,0.05,1.0,0.05,1.0
2.0,2,0,-16.9037198359375,,0.30044367963768664,2,0.0,3,45,0.05,1.0,0.05,1.0
4.0,1,10,1.8487529513769532,0.15756235243115235,0.523092970655338,1,5.0,3,45,0.05,1.0,0.05,1.0
4.0,1,-100,2.0063153038081056,0.14968423480959472,0.5250579311300047,1,5.0,3,45,0.05,1.0,0.05,1.0
4.0,2,0,2.1559995386177,,0.5269239260726029,2,0.0,3,45,0.05,1.0,0.05,1.0
1.0,1,5,44.70637900904893,2.7646810495475536,0.9033766329617605,1,100.0,3,45,0.05,1.0,0.05,1.0
3.0,1,-10,-1.50831351953125,-0.1745843240234375,0.48115501193642396,1,-5.0,3,45,0.05,1.0,0.05,1.0
4.0,1,-100,2.1559995386177,,0.5269239260726029,2,0.0,3,45,0.05,1.0,0.05,1.0
2.0,1,-5,-16.9037198359375,,0.30044367963768664,2,0.0,3,45,0.05,1.0,0.05,1.0
3.0,1,100,-1.6828978435546875,,0.47897618018143734,2,0.0,3,45,0.05,1.0,0.05,1.0
1.0,1,-495,47.471060058596485,2.626446997070176,0.9147882281991971,1,100.0,3,45,0.05,1.0,0.05,1.0
4.0,1,-100,2.1559995386177,,0.5269239260726029,2,0.0,3,45,0.05,1.0,0.05,1.0
3.0,1,-10,-1.6828978435546875,-0.16585510782226565,0.47897618018143734,1,-5.0,3,45,0.05,1.0,0.05,1.0
1.0,1,5,50.09750705566666,-3.0048753527833334,0.924482894365151,1,-10.0,3,45,0.05,1.0,0.05,1.0
4.0,1,-100,2.1559995386177,0.142200023069115,0.5269239260726029,1,5.0,3,45,0.05,1.0,0.05,1.0
3.0,1,100,-1.8487529513769532,,0.47690702934466206,2,0.0,3,45,0.05,1.0,0.05,1.0
4.0,1,10,2.298199561686815,,0.5286959256595859,2,0.0,3,45,0.05,1.0,0.05,1.0
3.0,1,100,-1.8487529513769532,,0.47690702934466206,2,0.0,3,45,0.05,1.0,0.05,1.0
3.0,1,100,-1.8487529513769532,,0.47690702934466206,2,0.0,3,45,0.05,1.0,0.05,1.0
4.0,1,10,2.298199561686815,,0.5286959256595859,2,0.0,3,45,0.05,1.0,0.05,1.0
3.0,1,100,-1.8487529513769532,,0.47690702934466206,2,0.0,3,45,0.05,1.0,0.05,1.0
2.0,1,-5,-16.9037198359375,1.3451859917968751,0.30044367963768664,1,10.0,3,45,0.05,1.0,0.05,1.0
2.0,1,495,-15.558533844140626,,0.31476690328910867,2,0.0,3,45,0.05,1.0,0.05,1.0
1.0,1,5,47.092631702883324,-2.8546315851441664,0.9133016672043248,1,-10.0,3,45,0.05,1.0,0.05,1.0
2.0,1,-5,-15.558533844140626,,0.31476690328910867,2,0.0,3,45,0.05,1.0,0.05,1.0
2.0,2,0,-15.558533844140626,,0.31476690328910867,2,0.0,3,45,0.05,1.0,0.05,1.0
2.0,1,-5,-15.558533844140626,,0.31476690328910867,2,0.0,3,45,0.05,1.0,0.05,1.0
2.0,2,0,-15.558533844140626,,0.31476690328910867,2,0.0,3,45,0.05,1.0,0.05,1.0
1.0,1,5,44.238000117739155,2.7880999941130424,0.9013130571332977,1,100.0,3,45,0.05,1.0,0.05,1.0
1.0,1,5,47.026100111852195,-2.85130500559261,0.9130379004695762,1,-10.0,3,45,0.05,1.0,0.05,1.0
4.0,2,0,2.298199561686815,,0.5286959256595859,2,0.0,3,45,0.05,1.0,0.05,1.0
3.0,1,100,-1.8487529513769532,-0.15756235243115235,0.47690702934466206,1,-5.0,3,45,0.05,1.0,0.05,1.0
1.0,1,5,44.17479510625959,-2.7087397553129797,0.9010316029820031,1,-10.0,3,45,0.05,1.0,0.05,1.0
3.0,1,100,-2.0063153038081056,-0.14968423480959472,0.47494206886999535,1,-5.0,3,45,0.05,1.0,0.05,1.0
2.0,1,-5,-15.558533844140626,,0.31476690328910867,2,0.0,3,45,0.05,1.0,0.05,1.0
4.0,1,10,2.298199561686815,0.13509002191565925,0.5286959256595859,1,5.0,3,45,0.05,1.0,0.05,1.0
4.0,2,0,2.4332895836024746,-24.921664479180123,0.5303786563423607,1,-496.0,3,45,0.05,1.0,0.05,1.0
4.0,1,10,-22.48837489557765,,0.245192571948037,2,0.0,3,45,0.05,1.0,0.05,1.0
1.0,1,5,41.466055350946604,-2.5733027675473306,0.8882811412410933,1,-10.0,3,45,0.05,1.0,0.05,1.0
2.0,1,-5,-15.558533844140626,,0.31476690328910867,2,0.0,3,45,0.05,1.0,0.05,1.0
2.0,1,-5,-15.558533844140626,1.2779266922070314,0.31476690328910867,1,10.0,3,45,0.05,1.0,0.05,1.0
4.0,1,-100,-22.48837489557765,,0.245192571948037,2,0.0,3,45,0.05,1.0,0.05,1.0
4.0,2,0,-22.48837489557765,1.3744187447788825,0.245192571948037,1,5.0,3,45,0.05,1.0,0.05,1.0
4.0,2,0,-21.113956150798767,,0.25813246730515527,2,0.0,3,45,0.05,1.0,0.05,1.0
4.0,1,10,-21.113956150798767,1.3056978075399384,0.25813246730515527,1,5.0,3,45,0.05,1.0,0.05,1.0
2.0,1,-5,-14.280607151933594,,0.32870889089497984,2,0.0,3,45,0.05,1.0,0.05,1.0
4.0,2,0,-19.808258343258828,,0.27083052649505635,2,0.0,3,45,0.05,1.0,0.05,1.0
2.0,2,0,-14.280607151933594,,0.32870889089497984,2,0.0,3,45,0.05,1.0,0.05,1.0
3.0,1,-10,-2.1559995386177,24.857799976930888,0.4730760739273971,1,495.0,3,45,0.05,1.0,0.05,1.0
1.0,1,5,38.89275258339927,3.0553623708300366,0.8748607517077476,1,100.0,3,45,0.05,1.0,0.05,1.0
3.0,1,-10,22.70180043831319,-1.3850900219156594,0.7567770209372864,1,-5.0,3,45,0.05,1.0,0.05,1.0
1.0,1,5,41.94811495422931,-2.597405747711466,0.8906507753979194,1,-10.0,3,45,0.05,1.0,0.05,1.0
1.0,1,5,39.35070920651785,-2.4675354603258928,0.8773461508973861,1,-10.0,3,45,0.05,1.0,0.05,1.0
2.0,1,-5,-14.280607151933594,1.2140303575966798,0.32870889089497984,1,10.0,3,45,0.05,1.0,0.05,1.0
2.0,1,-5,-13.066576794336914,,0.3422397834647003,2,0.0,3,45,0.05,1.0,0.05,1.0
2.0,2,0,-13.066576794336914,-4.3466711602831545,0.3422397834647003,1,-100.0,3,45,0.05,1.0,0.05,1.0
3.0,1,-10,21.31671041639753,-1.3158355208198766,0.7438041406504777,1,-5.0,3,45,0.05,1.0,0.05,1.0
4.0,1,-100,-19.808258343258828,,0.27083052649505635,2,0.0,3,45,0.05,1.0,0.05,1.0
3.0,1,-10,20.000874895577653,,0.7310671792886168,2,0.0,3,45,0.05,1.0,0.05,1.0
1.0,1,-495,36.88317374619196,,0.8634398060685473,2,0.0,3,45,0.05,1.0,0.05,1.0
2.0,1,-5,-17.41324795462007,,0.2951164895081168,2,0.0,3,45,0.05,1.0,0.05,1.0
3.0,1,-10,20.000874895577653,,0.7310671792886168,2,0.0,3,45,0.05,1.0,0.05,1.0
2.0,1,-5,-17.41324795462007,,0.2951164895081168,2,0.0,3,45,0.05,1.0,0.05,1.0
3.0,1,100,20.000874895577653,-1.2500437447788828,0.7310671792886168,1,-5.0,3,45,0.05,1.0,0.05,1.0
4.0,1,-100,-19.808258343258828,,0.27083052649505635,2,0.0,3,45,0.05,1.0,0.05,1.0
2.0,1,-5,-17.41324795462007,-4.129337602268997,0.2951164895081168,1,-100.0,3,45,0.05,1.0,0.05,1.0
1.0,1,5,36.88317374619196,-2.344158687309598,0.8634398060685473,1,-10.0,3,45,0.05,1.0,0.05,1.0
3.0,1,-10,18.75083115079877,-1.1875415575399386,0.7186027961144384,1,-5.0,3,45,0.05,1.0,0.05,1.0
3.0,1,-10,17.563289593258833,-1.1281644796629418,0.7064417118385596,1,-5.0,3,45,0.05,1.0,0.05,1.0
2.0,1,495,-21.542585556889065,-3.922870722155547,0.25404965849517186,1,-100.0,3,45,0.05,1.0,0.05,1.0
3.0,1,-10,16.43512511359589,23.928243744320206,0.6946090172158972,1,495.0,3,45,0.05,1.0,0.05,1.0
2.0,1,-5,-25.465456279044613,,0.21869751510608387,2,0.0,3,45,0.05,1.0,0.05,1.0
2.0,2,0,-25.465456279044613,,0.21869751510608387,2,0.0,3,45,0.05,1.0,0.05,1.0
3.0,1,100,40.3633688579161,-2.268168442895805,0.8826914893619591,1,-5.0,3,45,0.05,1.0,0.05,1.0
1.0,1,5,34.539015058882356,3.2730492470558823,0.8490219724361504,1,100.0,3,45,0.05,1.0,0.05,1.0
2.0,1,-5,-25.465456279044613,,0.21869751510608387,2,0.0,3,45,0.05,1.0,0.05,1.0
2.0,2,0,-25.465456279044613,1.773272813952231,0.21869751510608387,1,10.0,3,45,0.05,1.0,0.05,1.0
4.0,1,10,-19.808258343258828,1.2404129171629414,0.27083052649505635,1,5.0,3,45,0.05,1.0,0.05,1.0
3.0,1,-10,38.095200415020294,-2.1547600207510147,0.8704293181176996,1,-5.0,3,45,0.05,1.0,0.05,1.0
3.0,1,100,35.94044039426928,-2.0470220197134643,0.8577860407432596,1,-5.0,3,45,0.05,1.0,0.05,1.0
2.0,1,-5,-23.69218346509238,-3.815390826745381,0.234224466899203,1,-100.0,3,45,0.05,1.0,0.05,1.0
2.0,2,0,-27.507574291837763,1.8753787145918883,0.20175222404368442,1,10.0,3,45,0.05,1.0,0.05,1.0
4.0,1,10,-18.567845426095886,-23.871607728695206,0.28325100160773253,1,-496.0,3,45,0.05,1.0,0.05,1.0
4.0,1,-100,-42.439453154791096,,0.10697946674230963,2,0.0,3,45,0.05,1.0,0.05,1.0
3.0,1,100,33.893418374555814,-1.9446709187277909,0.8448374439469499,1,-5.0,3,45,0.05,1.0,0.05,1.0
2.0,1,-5,-25.632195577245874,,0.21727632819446188,2,0.0,3,45,0.05,1.0,0.05,1.0
4.0,2,0,-42.439453154791096,,0.10697946674230963,2,0.0,3,45,0.05,1.0,0.05,1.0
2.0,1,-5,-25.632195577245874,,0.21727632819446188,2,0.0,3,45,0.05,1.0,0.05,1.0
2.0,1,-5,-25.632195577245874,,0.21727632819446188,2,0.0,3,45,0.05,1.0,0.05,1.0
2.0,1,495,-25.632195577245874,,0.21727632819446188,2,0.0,3,45,0.05,1.0,0.05,1.0
4.0,1,-100,-42.439453154791096,,0.10697946674230963,2,0.0,3,45,0.05,1.0,0.05,1.0
1.0,1,5,37.812064305938236,-2.390603215296912,0.8688242934851373,1,-10.0,3,45,0.05,1.0,0.05,1.0
3.0,1,100,31.948747455828023,-1.8474373727914015,0.8316599178360311,1,-5.0,3,45,0.05,1.0,0.05,1.0
3.0,1,-10,30.101310083036623,,0.8183287631505222,2,0.0,3,45,0.05,1.0,0.05,1.0
3.0,1,100,30.101310083036623,,0.8183287631505222,2,0.0,3,45,0.05,1.0,0.05,1.0
4.0,1,10,-42.439453154791096,,0.10697946674230963,2,0.0,3,45,0.05,1.0,0.05,1.0
4.0,1,10,-42.439453154791096,,0.10697946674230963,2,0.0,3,45,0.05,1.0,0.05,1.0
3.0,1,100,30.101310083036623,-1.7550655041518313,0.8183287631505222,1,-5.0,3,45,0.05,1.0,0.05,1.0
2.0,1,-5,0.0,,0.5,2,0.0,1,43,0.01,1.0,0.05,1.0
3.0,1,100,0.0,24.75,0.5,1,495.0,1,43,0.01,1.0,0.05,1.0
1.0,1,5,0.0,,0.5,2,0.0,1,43,0.01,1.0,0.05,1.0
4.0,0,0,0.0,,0.5,2,0.0,1,43,0.01,1.0,0.05,1.0
4.0,1,-100,0.0,0.25,0.5,1,5.0,1,43,0.01,1.0,0.05,1.0
4.0,2,0,0.25,0.23750000000000002,0.5006249996744794,1,5.0,1,43,0.01,1.0,0.05,1.0
3.0,1,-10,24.75,-1.4875,0.5615610703361955,1,-5.0,1,43,0.01,1.0,0.05,1.0
1.0,1,5,0.0,,0.5,2,0.0,1,43,0.01,1.0,0.05,1.0
2.0,1,-5,0.0,-5.0,0.5,1,-100.0,1,43,0.01,1.0,0.05,1.0
1.0,2,0,0.0,5.0,0.5,1,100.0,1,43,0.01,1.0,0.05,1.0
1.0,1,5,5.0,-0.75,0.5124973964842103,1,-10.0,1,43,0.01,1.0,0.05,1.0
2.0,1,-5,-5.0,,0.4875026035157896,2,0.0,1,43,0.01,1.0,0.05,1.0
3.0,2,0,23.2625,-1.413125,0.5578954039590928,1,-5.0,1,43,0.01,1.0,0.05,1.0
4.0,2,0,0.48750000000000004,,0.5012187475863095,2,0.0,1,43,0.01,1.0,0.05,1.0
4.0,2,0,0.48750000000000004,,0.5012187475863095,2,0.0,1,43,0.01,1.0,0.05,1.0
2.0,1,-5,-5.0,,0.4875026035157896,2,0.0,1,43,0.01,1.0,0.05,1.0
2.0,2,0,-5.0,,0.4875026035157896,2,0.0,1,43,0.01,1.0,0.05,1.0
1.0,1,5,4.25,4.7875000000000005,0.5106234010049637,1,100.0,1,43,0.01,1.0,0.05,1.0
3.0,2,0,21.849375,,0.5544071618790212,2,0.0,1,43,0.01,1.0,0.05,1.0
1.0,1,-495,9.037500000000001,4.548125000000001,0.5225783844140721,1,100.0,1,43,0.01,1.0,0.05,1.0
1.0,2,0,13.585625000000002,-1.17928125,0.5339119194040682,1,-10.0,1,43,0.01,1.0,0.05,1.0
1.0,2,0,12.406343750000001,4.3796828125,0.5309761381837265,1,100.0,1,43,0.01,1.0,0.05,1.0
1.0,2,0,16.786026562500002,,0.54186680555372,2,0.0,1,43,0.01,1.0,0.05,1.0
4.0,1,10,0.48750000000000004,0.22562500000000002,0.5012187475863095,1,5.0,1,43,0.01,1.0,0.05,1.0
3.0,0,0,21.849375,-1.34246875,0.5544071618790212,1,-5.0,1,43,0.01,1.0,0.05,1.0
1.0,2,0,16.786026562500002,4.160698671875,0.54186680555372,1,100.0,1,43,0.01,1.0,0.05,1.0
1.0,2,0,20.946725234375002,-1.5473362617187503,0.5521761766525224,1,-10.0,1,43,0.01,1.0,0.05,1.0
3.0,1,100,20.50690625,-1.2753453125,0.5510883547381119,1,-5.0,1,43,0.01,1.0,0.05,1.0
4.0,1,10,0.713125,0.21434375000000003,0.5017828049446682,1,5.0,1,43,0.01,1.0,0.05,1.0
2.0,1,495,-5.0,,0.4875026035157896,2,0.0,1,43,0.01,1.0,0.05,1.0
2.0,1,-5,-5.0,-4.75,0.4875026035157896,1,-100.0,1,43,0.01,1.0,0.05,1.0
1.0,2,0,19.39938897265625,4.0300305513671875,0.5483469448651003,1,100.0,1,43,0.01,1.0,0.05,1.0
2.0,1,-5,-9.75,,0.47564429123179275,2,0.0,1,43,0.01,1.0,0.05,1.0
3.0,1,100,19.2315609375,23.788421953125003,0.5479312640044838,1,495.0,1,43,0.01,1.0,0.05,1.0
3.0,1,100,43.019982890625,,0.6059213847197453,2,0.0,1,43,0.01,1.0,0.05,1.0
2.0,2,0,-9.75,0.9875,0.47564429123179275,1,10.0,1,43,0.01,1.0,0.05,1.0
2.0,2,0,-8.7625,,0.4781077558518805,2,0.0,1,43,0.01,1.0,0.05,1.0
1.0,1,5,23.429419524023437,,0.5583070679524138,2,0.0,1,43,0.01,1.0,0.05,1.0
3.0,1,-10,43.019982890625,,0.6059213847197453,2,0.0,1,43,0.01,1.0,0.05,1.0
3.0,1,-10,43.019982890625,-2.40099914453125,0.6059213847197453,1,-5.0,1,43,0.01,1.0,0.05,1.0
4.0,1,10,0.9274687500000001,0.2036265625,0.5023186552541633,1,5.0,1,43,0.01,1.0,0.05,1.0
1.0,1,5,23.429419524023437,,0.5583070679524138,2,0.0,1,43,0.01,1.0,0.05,1.0
4.0,0,0,1.1310953125,,0.5028277081337841,2,0.0,1,43,0.01,1.0,0.05,1.0
3.0,1,-10,40.618983746093754,,0.6001739224323839,2,0.0,1,43,0.01,1.0,0.05,1.0
1.0,1,5,23.429419524023437,,0.5583070679524138,2,0.0,1,43,0.01,1.0,0.05,1.0
1.0,2,0,23.429419524023437,3.828529023798828,0.5583070679524138,1,100.0,1,43,0.01,1.0,0.05,1.0
1.0,1,5,27.257948547822267,-1.8628974273911134,0.567726054962452,1,-10.0,1,43,0.01,1.0,0.05,1.0
1.0,1,5,25.39505112043115,,0.5631486162934366,2,0.0,1,43,0.01,1.0,0.05,1.0
1.0,1,5,25.39505112043115,,0.5631486162934366,2,0.0,1,43,0.01,1.0,0.05,1.0
3.0,1,100,40.618983746093754,,0.6001739224323839,2,0.0,1,43,0.01,1.0,0.05,1.0
4.0,1,-100,1.1310953125,,0.5028277081337841,2,0.0,1,43,0.01,1.0,0.05,1.0
1.0,1,5,25.39505112043115,,0.5631486162934366,2,0.0,1,43,0.01,1.0,0.05,1.0
3.0,1,-10,40.618983746093754,,0.6001739224323839,2,0.0,1,43,0.01,1.0,0.05,1.0
1.0,1,5,25.39505112043115,3.7302474439784428,0.5631486162934366,1,100.0,1,43,0.01,1.0,0.05,1.0
4.0,1,-100,1.1310953125,0.193445234375,0.5028277081337841,1,5.0,1,43,0.01,1.0,0.05,1.0
3.0,2,0,40.618983746093754,,0.6001739224323839,2,0.0,1,43,0.01,1.0,0.05,1.0
1.0,1,5,29.125298564409594,,0.5723028568529487,2,0.0,1,43,0.01,1.0,0.05,1.0
1.0,1,5,29.125298564409594,-1.9562649282204796,0.5723028568529487,1,-10.0,1,43,0.01,1.0,0.05,1.0
4.0,0,0,1.324540546875,,0.5033113029558685,2,0.0,1,43,0.01,1.0,0.05,1.0
3.0,1,100,40.618983746093754,,0.6001739224323839,2,0.0,1,43,0.01,1.0,0.05,1.0
3.0,1,-10,40.618983746093754,-2.280949187304688,0.6001739224323839,1,-5.0,1,43,0.01,1.0,0.05,1.0
4.0,1,10,1.324540546875,0.18377297265625,0.5033113029558685,1,5.0,1,43,0.01,1.0,0.05,1.0
1.0,1,-495,27.169033636189113,3.6415483181905444,0.5675078329223631,1,100.0,1,43,0.01,1.0,0.05,1.0
3.0,1,-10,38.33803455878907,,0.594688141779678,2,0.0,1,43,0.01,1.0,0.05,1.0
4.0,1,-100,1.50831351953125,,0.5037707123123744,2,0.0,1,43,0.01,1.0,0.05,1.0
1.0,2,0,30.810581954379657,-2.040529097718983,0.5764228459637244,1,-10.0,1,43,0.01,1.0,0.05,1.0
2.0,1,-5,-8.7625,,0.4781077558518805,2,0.0,1,43,0.01,1.0,0.05,1.0
3.0,1,-10,38.33803455878907,-2.1669017279394533,0.594688141779678,1,-5.0,1,43,0.01,1.0,0.05,1.0
4.0,1,-100,1.50831351953125,,0.5037707123123744,2,0.0,1,43,0.01,1.0,0.05,1.0
2.0,1,-5,-8.7625,0.938125,0.4781077558518805,1,10.0,1,43,0.01,1.0,0.05,1.0
1.0,1,5,28.770052856660673,3.561497357166967,0.5714330912874681,1,100.0,1,43,0.01,1.0,0.05,1.0
1.0,1,5,32.33155021382764,,0.5801320522354252,2,0.0,1,43,0.01,1.0,0.05,1.0
4.0,2,0,1.50831351953125,,0.5037707123123744,2,0.0,1,43,0.01,1.0,0.05,1.0
4.0,1,10,1.50831351953125,0.1745843240234375,0.5037707123123744,1,5.0,1,43,0.01,1.0,0.05,1.0
2.0,1,-5,-7.824374999999999,-4.60878125,0.48044903587014587,1,-100.0,1,43,0.01,1.0,0.05,1.0
4.0,1,-100,1.6828978435546875,,0.504207145315637,2,0.0,1,43,0.01,1.0,0.05,1.0
4.0,1,10,1.6828978435546875,,0.504207145315637,2,0.0,1,43,0.01,1.0,0.05,1.0
1.0,1,5,32.33155021382764,,0.5801320522354252,2,0.0,1,43,0.01,1.0,0.05,1.0
3.0,1,100,36.171132830849615,,0.5894546351685988,2,0.0,1,43,0.01,1.0,0.05,1.0
2.0,1,-5,-12.43315625,,0.46895708839286354,2,0.0,1,43,0.01,1.0,0.05,1.0
1.0,1,5,32.33155021382764,-2.116577510691382,0.5801320522354252,1,-10.0,1,43,0.01,1.0,0.05,1.0
1.0,1,5,30.214972703136258,,0.5749679511641591,2,0.0,1,43,0.01,1.0,0.05,1.0
2.0,1,-5,-12.43315625,1.1216578125,0.46895708839286354,1,10.0,1,43,0.01,1.0,0.05,1.0
2.0,2,0,-11.3114984375,,0.4717513675886734,2,0.0,1,43,0.01,1.0,0.05,1.0
4.0,1,10,1.6828978435546875,,0.504207145315637,2,0.0,1,43,0.01,1.0,0.05,1.0
4.0,1,-100,1.6828978435546875,0.16585510782226565,0.504207145315637,1,5.0,1,43,0.01,1.0,0.05,1.0
4.0,2,0,1.8487529513769532,,0.5046217507406592,2,0.0,1,43,0.01,1.0,0.05,1.0
1.0,1,5,30.214972703136258,-2.010748635156813,0.5749679511641591,1,-10.0,1,43,0.01,1.0,0.05,1.0
3.0,1,-10,36.171132830849615,,0.5894546351685988,2,0.0,1,43,0.01,1.0,0.05,1.0
4.0,1,-100,1.8487529513769532,,0.5046217507406592,2,0.0,1,43,0.01,1.0,0.05,1.0
2.0,1,-5,-11.3114984375,-4.434425078125,0.4717513675886734,1,-100.0,1,43,0.01,1.0,0.05,1.0
3.0,1,100,36.171132830849615,-2.0585566415424807,0.5894546351685988,1,-5.0,1,43,0.01,1.0,0.05,1.0
1.0,1,-495,28.204224067979446,-1.9102112033989724,0.5700468351742425,1,-10.0,1,43,0.01,1.0,0.05,1.0
4.0,1,-100,1.8487529513769532,0.15756235243115235,0.5046217507406592,1,5.0,1,43,0.01,1.0,0.05,1.0
3.0,1,-10,34.112576189307134,-1.9556288094653569,0.5844639580140326,1,-5.0,1,43,0.01,1.0,0.05,1.0
1.0,1,5,26.294012864580473,3.685299356770976,0.565358902702572,1,100.0,1,43,0.01,1.0,0.05,1.0
4.0,1,-100,2.0063153038081056,,0.5050156200158094,2,0.0,1,43,0.01,1.0,0.05,1.0
3.0,1,100,32.156947379841775,,0.579706697248434,2,0.0,1,43,0.01,1.0,0.05,1.0
4.0,1,10,2.0063153038081056,,0.5050156200158094,2,0.0,1,43,0.01,1.0,0.05,1.0
3.0,1,100,32.156947379841775,-1.857847368992089,0.579706697248434,1,-5.0,1,43,0.01,1.0,0.05,1.0
3.0,1,100,30.299100010849685,-1.7649550005424843,0.5751735283382206,1,-5.0,1,43,0.01,1.0,0.05,1.0
4.0,1,10,2.0063153038081056,,0.5050156200158094,2,0.0,1,43,0.01,1.0,0.05,1.0
3.0,1,100,28.5341450103072,23.32329274948464,0.5708552622038656,1,495.0,1,43,0.01,1.0,0.05,1.0
2.0,1,-5,-15.745923515624998,,0.4607163223877517,2,0.0,1,43,0.01,1.0,0.05,1.0
2.0,1,495,-15.745923515624998,,0.4607163223877517,2,0.0,1,43,0.01,1.0,0.05,1.0
1.0,1,5,29.97931222135145,-1.9989656110675726,0.5743919430385672,1,-10.0,1,43,0.01,1.0,0.05,1.0
2.0,1,-5,-15.745923515624998,,0.4607163223877517,2,0.0,1,43,0.01,1.0,0.05,1.0
2.0,2,0,-15.745923515624998,,0.4607163223877517,2,0.0,1,43,0.01,1.0,0.05,1.0
2.0,1,-5,-15.745923515624998,,0.4607163223877517,2,0.0,1,43,0.01,1.0,0.05,1.0
2.0,2,0,-15.745923515624998,,0.4607163223877517,2,0.0,1,43,0.01,1.0,0.05,1.0
1.0,1,5,27.980346610283878,,0.5694980403775437,2,0.0,1,43,0.01,1.0,0.05,1.0
1.0,1,5,27.980346610283878,3.6009826694858065,0.5694980403775437,1,100.0,1,43,0.01,1.0,0.05,1.0
4.0,2,0,2.0063153038081056,,0.5050156200158094,2,0.0,1,43,0.01,1.0,0.05,1.0
3.0,1,100,51.857437759791836,-2.842871887989592,0.6268143477343541,1,-5.0,1,43,0.01,1.0,0.05,1.0
1.0,1,5,31.581329279769683,3.4209335360115163,0.5783035820395107,1,100.0,1,43,0.01,1.0,0.05,1.0
3.0,1,100,49.01456587180225,-2.7007282935901125,0.6201407452143857,1,-5.0,1,43,0.01,1.0,0.05,1.0
2.0,1,-5,-15.745923515624998,1.28729617578125,0.4607163223877517,1,10.0,1,43,0.01,1.0,0.05,1.0
4.0,1,10,2.0063153038081056,0.14968423480959472,0.5050156200158094,1,5.0,1,43,0.01,1.0,0.05,1.0
4.0,2,0,2.1559995386177,-24.90779997693089,0.5053897900686244,1,-496.0,1,43,0.01,1.0,0.05,1.0
4.0,1,10,-22.75180043831319,,0.44336459672773243,2,0.0,1,43,0.01,1.0,0.05,1.0
1.0,1,5,35.0022628157812,,0.5866230661758983,2,0.0,1,43,0.01,1.0,0.05,1.0
2.0,1,-5,-14.458627339843748,,0.4639162711943667,2,0.0,1,43,0.01,1.0,0.05,1.0
2.0,1,-5,-14.458627339843748,1.2229313669921875,0.4639162711943667,1,10.0,1,43,0.01,1.0,0.05,1.0
4.0,1,-100,-22.75180043831319,-23.66240997808434,0.44336459672773243,1,-496.0,1,43,0.01,1.0,0.05,1.0
4.0,2,0,-46.41421041639753,,0.38600366278911685,2,0.0,1,43,0.01,1.0,0.05,1.0
4.0,2,0,-46.41421041639753,2.5707105208198766,0.38600366278911685,1,5.0,1,43,0.01,1.0,0.05,1.0
4.0,1,10,-43.84349989557765,2.442174994778883,0.392113940789306,1,5.0,1,43,0.01,1.0,0.05,1.0
2.0,1,-5,-13.23569597285156,1.161784798642578,0.46695898137509645,1,10.0,1,43,0.01,1.0,0.05,1.0
4.0,2,0,-41.40132490079877,,0.3979502108543,2,0.0,1,43,0.01,1.0,0.05,1.0
2.0,2,0,-12.073911174208982,,0.4698518379930739,2,0.0,1,43,0.01,1.0,0.05,1.0
3.0,1,-10,46.31383757821214,,0.6137584215285928,2,0.0,1,43,0.01,1.0,0.05,1.0
1.0,1,5,35.0022628157812,,0.5866230661758983,2,0.0,1,43,0.01,1.0,0.05,1.0
3.0,1,-10,46.31383757821214,-2.565691878910607,0.6137584215285928,1,-5.0,1,43,0.01,1.0,0.05,1.0
1.0,1,5,35.0022628157812,-2.25011314078906,0.5866230661758983,1,-10.0,1,43,0.01,1.0,0.05,1.0
1.0,1,5,32.75214967499214,,0.5811561969013505,2,0.0,1,43,0.01,1.0,0.05,1.0
2.0,1,-5,-12.073911174208982,,0.4698518379930739,2,0.0,1,43,0.01,1.0,0.05,1.0
2.0,1,-5,-12.073911174208982,,0.4698518379930739,2,0.0,1,43,0.01,1.0,0.05,1.0
2.0,2,0,-12.073911174208982,1.103695558710449,0.4698518379930739,1,10.0,1,43,0.01,1.0,0.05,1.0
3.0,1,-10,43.74814569930153,,0.6076587490109547,2,0.0,1,43,0.01,1.0,0.05,1.0
4.0,1,-100,-41.40132490079877,,0.3979502108543,2,0.0,1,43,0.01,1.0,0.05,1.0
3.0,1,-10,43.74814569930153,,0.6076587490109547,2,0.0,1,43,0.01,1.0,0.05,1.0
1.0,1,-495,32.75214967499214,,0.5811561969013505,2,0.0,1,43,0.01,1.0,0.05,1.0
2.0,1,-5,-10.970215615498534,-4.451489219225073,0.472601932432608,1,-100.0,1,43,0.01,1.0,0.05,1.0
3.0,1,-10,43.74814569930153,-2.4374072849650767,0.6076587490109547,1,-5.0,1,43,0.01,1.0,0.05,1.0
2.0,1,-5,-15.421704834723606,,0.46152196762886005,2,0.0,1,43,0.01,1.0,0.05,1.0
3.0,1,100,41.310738414336456,-2.315536920716823,0.6018327367004923,1,-5.0,1,43,0.01,1.0,0.05,1.0
4.0,1,-100,-41.40132490079877,,0.3979502108543,2,0.0,1,43,0.01,1.0,0.05,1.0
2.0,1,-5,-15.421704834723606,-4.228914758263819,0.46152196762886005,1,-100.0,1,43,0.01,1.0,0.05,1.0
1.0,1,5,32.75214967499214,3.3623925162503934,0.5811561969013505,1,100.0,1,43,0.01,1.0,0.05,1.0
3.0,1,-10,38.99520149361963,,0.5962711478161987,2,0.0,1,43,0.01,1.0,0.05,1.0
3.0,1,-10,38.99520149361963,-2.199760074680982,0.5962711478161987,1,-5.0,1,43,0.01,1.0,0.05,1.0
2.0,1,495,-19.650619592987425,-4.017469020350629,0.45103092680899776,1,-100.0,1,43,0.01,1.0,0.05,1.0
3.0,1,-10,36.79544141893865,,0.5909646004638741,2,0.0,1,43,0.01,1.0,0.05,1.0
2.0,1,-5,-23.668088613338053,1.683404430666903,0.4411044555634461,1,10.0,1,43,0.01,1.0,0.05,1.0
2.0,2,0,-21.98468418267115,-3.900765790866443,0.4452585951618006,1,-100.0,1,43,0.01,1.0,0.05,1.0
3.0,1,100,36.79544141893865,,0.5909646004638741,2,0.0,1,43,0.01,1.0,0.05,1.0
1.0,1,5,36.114542191242535,-2.305727109562127,0.5893176800977077,1,-10.0,1,43,0.01,1.0,0.05,1.0
2.0,1,-5,-25.885449973537593,-3.705727501323121,0.4356453183544697,1,-100.0,1,43,0.01,1.0,0.05,1.0
2.0,2,0,-29.591177474860714,1.9795588737430359,0.42655718668626275,1,10.0,1,43,0.01,1.0,0.05,1.0
4.0,1,10,-41.40132490079877,2.3200662450399387,0.3979502108543,1,5.0,1,43,0.01,1.0,0.05,1.0
3.0,1,-10,36.79544141893865,-2.0897720709469327,0.5909646004638741,1,-5.0,1,43,0.01,1.0,0.05,1.0
3.0,1,100,34.705669347991716,,0.5859036532591594,2,0.0,1,43,0.01,1.0,0.05,1.0
2.0,1,-5,-27.61161860111768,,0.43140620086027714,2,0.0,1,43,0.01,1.0,0.05,1.0
2.0,2,0,-27.61161860111768,,0.43140620086027714,2,0.0,1,43,0.01,1.0,0.05,1.0
4.0,1,10,-39.08125865575883,-22.845937067212063,0.4035217023462517,1,-496.0,1,43,0.01,1.0,0.05,1.0
4.0,1,-100,-61.92719572297089,-21.703640213851457,0.34994705149145156,1,-496.0,1,43,0.01,1.0,0.05,1.0
3.0,1,100,34.705669347991716,-1.9852834673995858,0.5859036532591594,1,-5.0,1,43,0.01,1.0,0.05,1.0
2.0,1,-5,-27.61161860111768,1.8805809300558842,0.43140620086027714,1,10.0,1,43,0.01,1.0,0.05,1.0
4.0,2,0,-83.63083593682235,,0.30231285536251057,2,0.0,1,43,0.01,1.0,0.05,1.0
2.0,1,-5,-25.731037671061795,1.78655188355309,0.43602499173976506,1,10.0,1,43,0.01,1.0,0.05,1.0
2.0,1,-5,-23.944485787508704,-3.8027757106245645,0.4404231613144056,1,-100.0,1,43,0.01,1.0,0.05,1.0
2.0,1,495,-27.74726149813327,,0.43107350677001277,2,0.0,1,43,0.01,1.0,0.05,1.0
4.0,1,-100,-83.63083593682235,,0.30231285536251057,2,0.0,1,43,0.01,1.0,0.05,1.0
1.0,1,5,33.80881508168041,,0.5837260372890964,2,0.0,1,43,0.01,1.0,0.05,1.0
3.0,1,100,32.72038588059213,,0.5810788774906168,2,0.0,1,43,0.01,1.0,0.05,1.0
3.0,1,-10,32.72038588059213,-1.8860192940296068,0.5810788774906168,1,-5.0,1,43,0.01,1.0,0.05,1.0
3.0,1,100,30.834366586562528,,0.5764809173584705,2,0.0,1,43,0.01,1.0,0.05,1.0
4.0,1,10,-83.63083593682235,,0.30231285536251057,2,0.0,1,43,0.01,1.0,0.05,1.0
4.0,1,10,-83.63083593682235,4.431541796841118,0.30231285536251057,1,5.0,1,43,0.01,1.0,0.05,1.0
3.0,1,100,30.834366586562528,-1.7917183293281262,0.5764809173584705,1,-5.0,1,43,0.01,1.0,0.05,1.0
